model,accuracy
RandomForest,0.7142857142857143
SVM_RBF,0.6821428571428572
LogisticRegression,0.7285714285714285
