model,accuracy,train_time_sec
RandomForest,0.7071428571428572,2.573652982711792
SVM_RBF,0.775,0.3369297981262207
XGB,0.7392857142857143,5.428501844406128
stacking,0.7642857142857142,
